Date,0
2015-01-02,
2015-01-05,
2015-01-06,
2015-01-07,
2015-01-08,
2015-01-09,
2015-01-12,
2015-01-13,
2015-01-14,
2015-01-15,
2015-01-16,
2015-01-19,
2015-01-20,
2015-01-21,
2015-01-22,
2015-01-23,
2015-01-27,
2015-01-28,
2015-01-29,
2015-01-30,
2015-02-02,
2015-02-03,
2015-02-04,
2015-02-05,
2015-02-06,
2015-02-09,
2015-02-10,
2015-02-11,
2015-02-12,
2015-02-13,0.010661113336621515
2015-02-16,0.010643746231207752
2015-02-18,0.010583278349082148
2015-02-19,0.009636932851674794
2015-02-20,0.01028915206762171
2015-02-23,0.010160746267316827
2015-02-24,0.0101065635279905
2015-02-25,0.010106973297525213
2015-02-26,0.01027619704297011
2015-02-27,0.010626379934291127
2015-03-02,0.010608359976193457
2015-03-03,0.010607499192312748
2015-03-04,0.010664643959953816
2015-03-05,0.01067092583504182
2015-03-09,0.01110656805649229
2015-03-10,0.011229861806873477
2015-03-11,0.011149465093048608
2015-03-12,0.010286454894778464
2015-03-13,0.010479556363620232
2015-03-16,0.010405776040168272
2015-03-17,0.010345026806274827
2015-03-18,0.010449115416358318
2015-03-19,0.01039872377269836
2015-03-20,0.010286318506874611
2015-03-23,0.01029172339427009
2015-03-24,0.010266952647791087
2015-03-25,0.009409123466810177
2015-03-26,0.009514227718514193
2015-03-27,0.009363132354514714
2015-03-30,0.010195918093422749
2015-03-31,0.009968010527674303
2015-04-01,0.00991819100041726
2015-04-06,0.009958055783423401
2015-04-07,0.009922393410781364
2015-04-08,0.010085846424211151
2015-04-09,0.009985211559933913
2015-04-10,0.009971613747920589
2015-04-13,0.010079168020772375
2015-04-15,0.01031728438075134
2015-04-16,0.009627014177364014
2015-04-17,0.009657422291732491
2015-04-20,0.009803823923173508
2015-04-21,0.010326069876728175
2015-04-22,0.01032062905596815
2015-04-23,0.009764550387527932
2015-04-24,0.009703164462519077
2015-04-27,0.00991405274495987
2015-04-28,0.010187936992980243
2015-04-29,0.010160286160784276
2015-04-30,0.010141618063754848
2015-05-04,0.010942098620457206
2015-05-05,0.010874899398718059
2015-05-06,0.011378313042796906
2015-05-07,0.011288516251930336
2015-05-08,0.011496967000758878
2015-05-11,0.011640744040990178
2015-05-12,0.012124854107972798
2015-05-13,0.012080255268055074
2015-05-14,0.012008437799042093
2015-05-15,0.011373351280280726
2015-05-18,0.011358674141337803
2015-05-19,0.011354307097783664
2015-05-20,0.011366728520086432
2015-05-21,0.011280236295680172
2015-05-22,0.010584647020395603
2015-05-25,0.010581332140525238
2015-05-26,0.010542679480397327
2015-05-27,0.010366017778143683
2015-05-28,0.010128429617505246
2015-05-29,0.010517144982640742
2015-06-01,0.010069160290903201
2015-06-02,0.010385273768887588
2015-06-03,0.009801422689230298
2015-06-04,0.009817506123812434
2015-06-05,0.009822337598509999
2015-06-08,0.009772640888611305
2015-06-09,0.009300950542801356
2015-06-10,0.009319727656908222
2015-06-11,0.009468580156198834
2015-06-12,0.009433194708564055
2015-06-15,0.008587891920866321
2015-06-16,0.008597809505085525
2015-06-17,0.008022632195714441
2015-06-18,0.008300165262229356
2015-06-19,0.008551225641775637
2015-06-22,0.008594710263370758
2015-06-23,0.007675697871421325
2015-06-24,0.007806952375680711
2015-06-25,0.0078077740545367735
2015-06-26,0.007738084096463805
2015-06-29,0.007978180488097177
2015-06-30,0.0079847495877286
2015-07-01,0.008158675741044199
2015-07-02,0.008154772386086877
2015-07-03,0.008232524514846839
2015-07-06,0.008205622771347761
2015-07-07,0.00819240469084655
2015-07-08,0.008919707379446709
2015-07-09,0.008972731995908804
2015-07-10,0.008720162854055122
2015-07-13,0.009047911114639007
2015-07-14,0.008385140002979286
2015-07-15,0.008418955289785679
2015-07-16,0.008396377237150563
2015-07-17,0.008460796755793462
2015-07-20,0.008256787828918272
2015-07-21,0.008240793599963585
2015-07-22,0.00795877238982988
2015-07-23,0.0075925554603673276
2015-07-24,0.00760852515425972
2015-07-27,0.008275685296919806
2015-07-28,0.008311265781814701
2015-07-29,0.008488459380703
2015-07-30,0.008219749144741028
2015-07-31,0.008131147284055144
2015-08-03,0.007910115417323949
2015-08-04,0.007902734885866538
2015-08-05,0.007853346058183951
2015-08-06,0.007784977739699886
2015-08-07,0.007844717314036501
2015-08-10,0.007642050434870637
2015-08-11,0.007765923024184687
2015-08-12,0.007649163644816223
2015-08-13,0.007736550108087694
2015-08-14,0.008469630819121604
2015-08-17,0.008487741077065252
2015-08-18,0.008508596117112827
2015-08-19,0.00787500895511158
2015-08-20,0.00832618998473561
2015-08-21,0.008440597761024474
2015-08-24,0.013724585407197674
2015-08-25,0.013740477683268464
2015-08-26,0.013655859965532766
2015-08-27,0.013954139575242622
2015-08-28,0.014182246973789813
2015-08-31,0.014201748367674193
2015-09-01,0.014639210642080236
2015-09-02,0.014592371535289302
2015-09-03,0.015156406676152704
2015-09-04,0.015314655943673837
2015-09-07,0.015241434656100497
2015-09-08,0.015408291424575967
2015-09-09,0.015545483103113905
2015-09-10,0.01555615316092984
2015-09-11,0.015210013246743327
2015-09-14,0.015459790054092109
2015-09-15,0.015469923812693827
2015-09-16,0.015481747725564304
2015-09-18,0.015461858382767963
2015-09-21,0.015459456106230908
2015-09-22,0.01584393532551293
2015-09-23,0.015829529693683154
2015-09-24,0.015836187561511735
2015-09-28,0.015876838318903026
2015-09-29,0.015525424229892197
2015-09-30,0.016053412209735125
2015-10-01,0.0161061450841429
2015-10-05,0.016464579865322054
2015-10-06,0.016297752426726726
2015-10-07,0.016320364307029805
2015-10-08,0.011912648256855602
2015-10-09,0.01192088035538415
2015-10-12,0.01182821172634968
2015-10-13,0.011484413667619663
2015-10-14,0.011279542707662658
2015-10-15,0.011411724414288563
2015-10-16,0.010787417767211167
2015-10-19,0.010812743924797339
2015-10-20,0.010393415826538636
2015-10-21,0.009993471598242458
2015-10-23,0.010104639734712076
2015-10-26,0.01007291023074763
2015-10-27,0.009507611612951807
2015-10-28,0.00942683776913608
2015-10-29,0.00955624538131044
2015-10-30,0.009346643067195896
2015-11-02,0.009300679139894987
2015-11-03,0.009258376497640648
2015-11-04,0.009240945931494177
2015-11-05,0.009365212971497444
2015-11-06,0.008516535761997363
2015-11-09,0.008499736198581806
2015-11-10,0.008667067945415958
2015-11-13,0.008547492389070658
2015-11-16,0.008262689681419853
2015-11-17,0.007407204201407066
2015-11-18,0.00713951942164117
2015-11-19,0.007294176009173887
2015-11-20,0.007377859010813929
2015-11-23,0.007157651912127998
2015-11-24,0.007145458996322927
2015-11-26,0.007127334855435911
2015-11-27,0.007205185952457355
2015-11-30,0.007281237109831922
2015-12-01,0.007282342789405685
2015-12-02,0.0069991264446635035
2015-12-03,0.00686652088796752
2015-12-04,0.0067360328163768735
2015-12-07,0.006448517643914776
2015-12-08,0.006438623210300726
2015-12-09,0.0063450725058118405
2015-12-10,0.006446965724995507
2015-12-11,0.006556312680540342
2015-12-14,0.006545988753649293
2015-12-15,0.006801234130730322
2015-12-16,0.006849786845708663
2015-12-17,0.007223651711700678
2015-12-18,0.007219921492740531
2015-12-21,0.00730033493925866
2015-12-22,0.007105367362688631
2015-12-23,0.0073081955626257905
2015-12-24,0.007313101374087507
2015-12-28,0.00707585948743493
2015-12-29,0.006959176287676147
2015-12-30,0.0070967715251183845
2015-12-31,0.0072216507342664
2016-01-01,0.007163398377657128
2016-01-04,0.0071974456348934705
2016-01-05,0.007139423859932004
2016-01-06,0.007126990876900748
2016-01-07,0.007544995941938812
2016-01-08,0.007595810209068308
2016-01-11,0.007548568252339802
2016-01-12,0.0075942192919518925
2016-01-13,0.007689159810597131
2016-01-14,0.00768433165783526
2016-01-15,0.007850890416575546
2016-01-18,0.008744061559855035
2016-01-19,0.00925524755930101
2016-01-20,0.009307051118353567
2016-01-21,0.009075754523338553
2016-01-22,0.009393820385271175
2016-01-25,0.009285677051704234
2016-01-27,0.009290585904081782
2016-01-28,0.009260267211317926
2016-01-29,0.009574806461833006
2016-02-01,0.009359384911983994
2016-02-02,0.009398812841025738
2016-02-03,0.009389507218157876
2016-02-04,0.00962996299587823
2016-02-05,0.009794647182716497
2016-02-08,0.009786738713610129
2016-02-09,0.010091108480502481
2016-02-10,0.010067543772059347
2016-02-11,0.011035037880501405
2016-02-12,0.010863754868412656
2016-02-15,0.012414886356929675
2016-02-16,0.012550065816749723
2016-02-17,0.012713341513271284
2016-02-18,0.012804591180657127
2016-02-19,0.012608967921525535
2016-02-22,0.012580073618159437
2016-02-23,0.012909944096265285
2016-02-24,0.012898134213193886
2016-02-25,0.012988537033073467
2016-02-26,0.013056268966077516
2016-02-29,0.013070744874435663
2016-03-01,0.014380493281130374
2016-03-02,0.0147318402905217
2016-03-03,0.014813744733865009
2016-03-04,0.014866122486682738
2016-03-08,0.014737065818518415
2016-03-09,0.014846198730024067
2016-03-10,0.014847427277475697
2016-03-11,0.01460729992089231
2016-03-14,0.014451533660427661
2016-03-15,0.01444966149446681
2016-03-16,0.014390104152236296
2016-03-17,0.014399888523330837
2016-03-18,0.014383104244374535
2016-03-21,0.014321994312899433
2016-03-22,0.01428578310416583
2016-03-23,0.01399770869321665
2016-03-28,0.014678151756330256
2016-03-29,0.013610475974866669
2016-03-30,0.013829491480471356
2016-03-31,0.012893566794652212
2016-04-01,0.012328999497773312
2016-04-04,0.012399287456768084
2016-04-05,0.013339463159421354
2016-04-06,0.013369211636646242
2016-04-07,0.013579495801192488
2016-04-08,0.01309528399158157
2016-04-11,0.013365533894099828
2016-04-12,0.01308807403063744
2016-04-13,0.013162035328384784
2016-04-18,0.01279761335582718
2016-04-20,0.011116056433162644
2016-04-21,0.010466686910313557
2016-04-22,0.010259938991133257
2016-04-25,0.01015935995380998
2016-04-26,0.010288937666999495
2016-04-27,0.010162654582279655
2016-04-28,0.010507409165791551
2016-04-29,0.011082453099275916
2016-05-02,0.011046728723010405
2016-05-03,0.011013314719334307
2016-05-04,0.011049386376681628
2016-05-05,0.011015425438968773
2016-05-06,0.01095917978005542
2016-05-09,0.011146401123836872
2016-05-10,0.011160573002208551
2016-05-11,0.011084193682147253
2016-05-12,0.010326206802566051
2016-05-13,0.010506771947800206
2016-05-16,0.010115023720747837
2016-05-17,0.010134397084792697
2016-05-18,0.009981286044362214
2016-05-19,0.010089788651758433
2016-05-20,0.008910035223923895
2016-05-23,0.008952474138853887
2016-05-24,0.008645817366515618
2016-05-25,0.009027454564622912
2016-05-26,0.009568001524328951
2016-05-27,0.009591940614675215
2016-05-30,0.009420049791639039
2016-05-31,0.009457065908143554
2016-06-01,0.009494161164842875
2016-06-02,0.009545670808989628
2016-06-03,0.009704684053704069
2016-06-06,0.009848994814857083
2016-06-07,0.009604023696464997
2016-06-08,0.009650898051186636
2016-06-09,0.009369870147366404
2016-06-10,0.00881725359435261
2016-06-13,0.009071511940236227
2016-06-14,0.00907893256709475
2016-06-15,0.009588778990275153
2016-06-16,0.009785147356923334
2016-06-17,0.00977220824200572
2016-06-20,0.009578547186631554
2016-06-21,0.009604017373462205
2016-06-22,0.009542643874483392
2016-06-23,0.00943303681969341
2016-06-24,0.01034869636744857
2016-06-27,0.0103661600088093
2016-06-28,0.010332141386473991
2016-06-29,0.010402402136768091
2016-06-30,0.010573590768250984
2016-07-01,0.010554657640173189
2016-07-04,0.010486313602083804
2016-07-05,0.010679902920783626
2016-07-07,0.010690037519879673
2016-07-08,0.009605694510929972
2016-07-11,0.009989972920964627
2016-07-12,0.010060594605275095
2016-07-13,0.010027329005486203
2016-07-14,0.010103194347305874
2016-07-15,0.010048606376739436
2016-07-18,0.010093584555603824
2016-07-19,0.009934854193524167
2016-07-20,0.009913466364003908
2016-07-21,0.009862104802299971
2016-07-22,0.009807481607598105
2016-07-25,0.010024257892923395
2016-07-26,0.009875458134912387
2016-07-27,0.009855816600609416
2016-07-28,0.009785151866377356
2016-07-29,0.009820372484623446
2016-08-01,0.010103379196434328
2016-08-02,0.010044565621304758
2016-08-03,0.010527289484715034
2016-08-04,0.010534303954141339
2016-08-05,0.010594596417633705
2016-08-08,0.009531132259764336
2016-08-09,0.009502816896622369
2016-08-10,0.009845347176710987
2016-08-11,0.009809239092972499
2016-08-12,0.009350590089183021
2016-08-16,0.009454915108330901
2016-08-17,0.009403634424065372
2016-08-18,0.00921889005844228
2016-08-19,0.008870751717940259
2016-08-22,0.008985967118433207
2016-08-23,0.008456027013933973
2016-08-24,0.008400011945685562
2016-08-25,0.008425975937375381
2016-08-26,0.00820887960184722
2016-08-29,0.008150657563279115
2016-08-30,0.008003869529214953
2016-08-31,0.00811447826815529
2016-09-01,0.008433636763471882
2016-09-02,0.008534149063345478
2016-09-06,0.008778112676712222
2016-09-07,0.008350887662520127
2016-09-08,0.00818743590244987
2016-09-09,0.00825432820037908
2016-09-12,0.008448937537469909
2016-09-14,0.008335453738309722
2016-09-15,0.007748936562090951
2016-09-16,0.007756261100344079
2016-09-19,0.007276473585198985
2016-09-20,0.00729870667228399
2016-09-21,0.0070805481699511615
2016-09-22,0.0077386562866650285
2016-09-23,0.007737984004623979
2016-09-26,0.0077910620472206125
2016-09-27,0.007939238880685625
2016-09-28,0.007980502396687803
2016-09-29,0.008970973126412245
2016-09-30,0.00898471408536124
2016-10-03,0.009715788003934205
2016-10-04,0.009724060816663738
2016-10-05,0.009655058584495767
2016-10-06,0.009642341643434168
2016-10-07,0.009667222519084518
2016-10-10,0.009621625528322218
2016-10-13,0.010073930884126498
2016-10-14,0.010112904617078863
2016-10-17,0.010061176431908852
2016-10-18,0.010594364150668403
2016-10-19,0.010401627779853661
2016-10-20,0.01029580615775829
2016-10-21,0.010014571310044391
2016-10-24,0.010095099225782687
2016-10-25,0.01006981269225598
2016-10-26,0.010002281405479006
2016-10-27,0.009305095558287497
2016-10-28,0.009468422914238354
2016-11-01,0.009474074370019948
2016-11-02,0.010069313126643862
2016-11-03,0.010064982979642173
2016-11-04,0.010114727361678134
2016-11-07,0.010110969850863984
2016-11-08,0.00940191271865225
2016-11-09,0.010380060162378326
2016-11-10,0.010386414145924266
2016-11-11,0.012195496834285923
2016-11-15,0.012390689097567608
2016-11-16,0.013465646556888483
2016-11-17,0.013851488593214802
2016-11-18,0.01318178286531335
2016-11-21,0.013486897260392677
2016-11-22,0.01377561311168323
2016-11-23,0.013854506006663247
2016-11-24,0.01385704218317297
2016-11-25,0.014777463479178389
2016-11-28,0.014688811017970487
2016-11-29,0.014952106892783873
2016-11-30,0.015192099570575811
2016-12-01,0.01470445505971339
2016-12-02,0.015004991274306373
2016-12-05,0.0152973866502346
2016-12-06,0.015249367720777085
2016-12-07,0.015229168313392334
2016-12-08,0.015503568850658678
2016-12-09,0.015493347692701612
2016-12-12,0.015695102878367582
2016-12-13,0.01564174741711535
2016-12-14,0.01564172174326335
2016-12-15,0.015316152656076576
2016-12-16,0.015332683024403312
2016-12-19,0.01546608841482178
2016-12-20,0.015467773500732024
2016-12-21,0.015485867676482037
2016-12-22,0.015089157929293537
2016-12-23,0.015242773958482473
2016-12-26,0.013677842295893678
2016-12-27,0.013324589318430785
2016-12-28,0.011980103039035227
2016-12-29,0.011463283692292825
2016-12-30,0.011561617969631765
2017-01-02,0.01104073762259975
2017-01-03,0.010902286258340468
2017-01-04,0.011007055841185824
2017-01-05,0.01109142198748557
2017-01-06,0.010471098137464444
2017-01-09,0.010402393340770031
2017-01-10,0.010202502608900323
2017-01-11,0.010002814672956618
2017-01-12,0.009863853818870772
2017-01-13,0.009224039260199013
2017-01-16,0.008890968930527616
2017-01-17,0.008881156083745635
2017-01-18,0.008831820245879253
2017-01-19,0.008477101716543025
2017-01-20,0.00865273848047416
2017-01-23,0.007992765418802481
2017-01-24,0.007989495306473216
2017-01-25,0.008340092765889569
2017-01-27,0.008468737278752584
2017-01-30,0.009001067143637135
2017-01-31,0.00879631202116742
2017-02-01,0.008951522427137072
2017-02-02,0.008738801247560797
2017-02-03,0.007788289868877994
2017-02-06,0.007675004199340628
2017-02-07,0.0076051805751403195
2017-02-08,0.007536348621440364
2017-02-09,0.007517533913463013
2017-02-10,0.007474292346392519
2017-02-13,0.007529380416725955
2017-02-14,0.007328136065293863
2017-02-15,0.007700819980829769
2017-02-16,0.007811304130687747
2017-02-17,0.007675571396528961
2017-02-20,0.007433619651588967
2017-02-21,0.0075353826332917
2017-02-22,0.007691500342759312
2017-02-23,0.007661294884978322
2017-02-27,0.007873758246467666
2017-02-28,0.0077952868941088575
2017-03-01,0.007850150683343727
2017-03-02,0.00816929980874655
2017-03-03,0.00821108103707748
2017-03-06,0.008225723995055943
2017-03-07,0.007953263725902616
2017-03-08,0.007943710953257013
2017-03-09,0.007940472279512101
2017-03-10,0.007630000520031693
2017-03-14,0.008202156347120088
2017-03-15,0.007491643660755218
2017-03-16,0.007227610501021439
2017-03-17,0.007152438329935816
2017-03-20,0.007098893197217639
2017-03-21,0.007119880933783975
2017-03-22,0.007585151955648669
2017-03-23,0.007644298651589482
2017-03-24,0.007645063801392028
2017-03-27,0.007755011086475424
2017-03-28,0.007740924122089218
2017-03-29,0.007782236332278134
2017-03-30,0.007784329707035999
2017-03-31,0.007537676775485789
2017-04-03,0.007250023915678009
2017-04-05,0.007332390608986594
2017-04-06,0.0070679873277182
2017-04-07,0.00701394304126109
2017-04-10,0.0068647902034036715
2017-04-11,0.007007193330752351
2017-04-12,0.006863227529697292
2017-04-13,0.007182777007961485
2017-04-17,0.007196711753987481
2017-04-18,0.007145459946125292
2017-04-19,0.007123341103487626
2017-04-20,0.007184565220895141
2017-04-21,0.007214281994569033
2017-04-24,0.007514526865888505
2017-04-25,0.008091067968101565
2017-04-26,0.00809747186110495
2017-04-27,0.0072845041487768275
2017-04-28,0.007252574999786805
2017-05-02,0.007080040768269902
2017-05-03,0.006787889695495556
2017-05-04,0.0068581096119841
2017-05-05,0.006856333308732841
2017-05-08,0.006265039193688185
2017-05-09,0.006212787694642473
2017-05-10,0.0071215756162507264
2017-05-11,0.006947271249906401
2017-05-12,0.007074274732247376
2017-05-15,0.0070460600199205295
2017-05-16,0.007275971356674819
2017-05-17,0.00726893640918678
2017-05-18,0.0075077020768773
2017-05-19,0.007566966372285923
2017-05-22,0.007643787105664179
2017-05-23,0.007659812108137054
2017-05-24,0.007904576562486096
2017-05-25,0.00854340132539445
2017-05-26,0.008747078806723447
2017-05-29,0.008336814805807797
2017-05-30,0.008278092009436936
2017-05-31,0.008034561153945496
2017-06-01,0.008065093110187401
2017-06-02,0.008041227477412916
2017-06-05,0.008066262221261283
2017-06-06,0.007927029638996412
2017-06-07,0.007377508007026478
2017-06-08,0.007591397268328
2017-06-09,0.0075707700060992445
2017-06-12,0.00785411348431351
2017-06-13,0.00786781746290318
2017-06-14,0.007878748068617778
2017-06-15,0.007848554205173868
2017-06-16,0.007845445176983962
2017-06-19,0.007826327919035729
2017-06-20,0.007825622694410264
2017-06-21,0.006920405078833326
2017-06-22,0.0069395653880104345
2017-06-23,0.006922049053167929
2017-06-27,0.007173534486909938
2017-06-28,0.006857300028413753
2017-06-29,0.006856974539559961
2017-06-30,0.006680321361504492
2017-07-03,0.006646767619429445
2017-07-04,0.006615031805776496
2017-07-05,0.006612323693336051
2017-07-06,0.006399157054074484
2017-07-07,0.005305472145172585
2017-07-10,0.006401266416046002
2017-07-11,0.0064274787385401365
2017-07-12,0.0064514860811064135
2017-07-13,0.006863826582471611
2017-07-14,0.00685697512883128
2017-07-17,0.006902215179058272
2017-07-18,0.006747337848486463
2017-07-19,0.007133544603988028
2017-07-20,0.007124897381314069
2017-07-21,0.006857541076442383
2017-07-24,0.006855761938752076
2017-07-25,0.0065054596838827194
2017-07-26,0.006424443708885606
2017-07-27,0.0066742473717146715
2017-07-28,0.006656098710205305
2017-07-31,0.006841687637189459
2017-08-01,0.006879394058035045
2017-08-02,0.007011789138009256
2017-08-03,0.006993660582886958
2017-08-04,0.007039590110071964
2017-08-07,0.0068804537292901
2017-08-08,0.006616719013927781
2017-08-09,0.007105509543610015
2017-08-10,0.007366250911724304
2017-08-11,0.007419433781361924
2017-08-14,0.0073971181764644475
2017-08-16,0.007313807010425531
2017-08-17,0.007316137917038234
2017-08-18,0.007284542810573727
2017-08-21,0.00737294563761741
2017-08-22,0.006233952147937605
2017-08-23,0.006823115871017785
2017-08-24,0.006834553139285663
2017-08-28,0.006612027425557416
2017-08-29,0.007198739045508652
2017-08-30,0.007113496424629136
2017-08-31,0.007135732354226699
2017-09-01,0.006692978963059735
2017-09-04,0.00682226384448077
2017-09-05,0.00683453772743713
2017-09-06,0.0067987606054588645
2017-09-07,0.006922740833169241
2017-09-08,0.0068913883062274766
2017-09-11,0.007033659128151903
2017-09-12,0.007046514348731329
2017-09-13,0.006742385994250979
2017-09-14,0.006747160665002159
2017-09-15,0.006680971286801528
2017-09-18,0.006781278883693819
2017-09-19,0.006662610327257285
2017-09-20,0.006599895386853355
2017-09-21,0.006496317960638329
2017-09-22,0.006854201097765945
2017-09-25,0.007265576780728504
2017-09-26,0.007251531217431436
2017-09-27,0.0075181552350293435
2017-09-28,0.007507488762166764
2017-09-29,0.007564337931449031
2017-10-03,0.007564727713709959
2017-10-04,0.007532270300443498
2017-10-05,0.007526680254469406
2017-10-06,0.007208089762488273
2017-10-09,0.007208585627123376
2017-10-10,0.007028356840612702
2017-10-11,0.006675986621564408
2017-10-12,0.006717824921544707
2017-10-13,0.0074356996715457474
2017-10-16,0.00748174208168566
2017-10-17,0.007430891916262688
2017-10-18,0.007584665070449117
2017-10-19,0.007582407819797175
2017-10-23,0.00772134451348931
2017-10-24,0.007756488038548866
2017-10-25,0.00793362102096687
2017-10-26,0.007958234257500411
2017-10-27,0.008021486352113569
2017-10-30,0.008021706547803941
2017-10-31,0.008012428435860827
2017-11-01,0.008464325568845453
2017-11-02,0.008412600240970954
2017-11-03,0.00839271306704304
2017-11-06,0.008367173747071386
2017-11-07,0.008031785944524176
2017-11-08,0.007565312241325971
2017-11-09,0.007515340528655271
2017-11-10,0.007034871051328973
2017-11-13,0.007253768455434582
2017-11-14,0.00736175116057033
2017-11-15,0.007725829743930491
2017-11-16,0.007744489077977467
2017-11-17,0.007704384614889893
2017-11-20,0.007491556409852561
2017-11-21,0.007475096745842841
2017-11-22,0.007517267953684445
2017-11-23,0.007567293361663881
2017-11-24,0.007550367619337752
2017-11-27,0.006955182772974085
2017-11-28,0.0069819529995603985
2017-11-29,0.006933977056383437
2017-11-30,0.006890911271482056
2017-12-01,0.007345549680388798
2017-12-04,0.007059851997523687
2017-12-05,0.007027630496941236
2017-12-06,0.006657015578253525
2017-12-07,0.008191923052965693
2017-12-08,0.008251112351887075
2017-12-11,0.00832748530904529
2017-12-12,0.008542102846767685
2017-12-13,0.008098571056741041
2017-12-14,0.008060022158877517
2017-12-15,0.00811350869133202
2017-12-18,0.008417423284392501
2017-12-19,0.008311593149494463
2017-12-20,0.008181081347814902
2017-12-21,0.008135687626220085
2017-12-22,0.008218215391632517
2017-12-26,0.008151175465036757
2017-12-27,0.008327368543431591
2017-12-28,0.008150555000061843
2017-12-29,0.008043749844253744
2018-01-01,0.008257504948753335
2018-01-02,0.008360342063238189
2018-01-03,0.008356458900671687
2018-01-04,0.008726630580558547
2018-01-05,0.009075858790866042
2018-01-08,0.009104349501276131
2018-01-09,0.009191198325584056
2018-01-10,0.009151805314886045
2018-01-11,0.009134269118519967
2018-01-12,0.009000060435945076
2018-01-15,0.008731816625081679
2018-01-16,0.008736980019269397
2018-01-17,0.008831530188031223
2018-01-18,0.00867079886537054
2018-01-19,0.00755072291866701
2018-01-22,0.007463798819012499
2018-01-23,0.007444178074893302
2018-01-24,0.007379192333485735
2018-01-25,0.007441488894672049
2018-01-29,0.007442862196947923
2018-01-30,0.007601792462723299
2018-01-31,0.007377121865997821
2018-02-01,0.007289017072534109
2018-02-02,0.008869854166727132
2018-02-05,0.008866534908263023
2018-02-06,0.008827534074540355
2018-02-07,0.008837589419188724
2018-02-08,0.008890437486018707
2018-02-09,0.008931272716574614
2018-02-12,0.008847326441135915
2018-02-14,0.008741179404734708
2018-02-15,0.008681721490304889
2018-02-16,0.008828125692386729
2018-02-19,0.008715714202747239
2018-02-20,0.008089483555257824
2018-02-21,0.008179555285373464
2018-02-22,0.008161167994460447
2018-02-23,0.008524382659990198
2018-02-26,0.008738481314772385
2018-02-27,0.008737788849874566
2018-02-28,0.0087405446294899
2018-03-01,0.008743159797672692
2018-03-05,0.008568900960227244
2018-03-06,0.008720915759117454
2018-03-07,0.008513597849804785
2018-03-08,0.008583879273422863
2018-03-09,0.008419098097374858
2018-03-12,0.009294487736819927
2018-03-13,0.009179196187519511
2018-03-14,0.009191824087075454
2018-03-15,0.009113775706549069
2018-03-16,0.009356476794702561
2018-03-19,0.00974601046887389
2018-03-20,0.00873191721005194
2018-03-21,0.009244643030125784
2018-03-22,0.009226577710465204
2018-03-23,0.009079901295120619
2018-03-26,0.009763228998194923
2018-03-27,0.009730220035119492
2018-03-28,0.009870430894079423
2018-04-02,0.010061674727255401
2018-04-03,0.010094676372092076
2018-04-04,0.010097643601830793
2018-04-05,0.010006420461608384
2018-04-06,0.010038633060691235
2018-04-09,0.010022232125939532
2018-04-10,0.010010243011755019
2018-04-11,0.009843105339360097
2018-04-12,0.009771880194156661
2018-04-13,0.009837837510556544
2018-04-16,0.009807704602359718
2018-04-17,0.009807106679414633
2018-04-18,0.009689302406773749
2018-04-19,0.00947749442359339
2018-04-20,0.009311920215078552
2018-04-23,0.009311012534364279
2018-04-24,0.009314208995488722
2018-04-25,0.008751752781847977
2018-04-26,0.00884651254988408
2018-04-27,0.008839512738614568
2018-04-30,0.008942500080832038
2018-05-02,0.008660356130279127
2018-05-03,0.008450737417385624
2018-05-04,0.008587746154303596
2018-05-07,0.008327375956611267
2018-05-08,0.00817295448954926
2018-05-09,0.008091421158073599
2018-05-10,0.007287263506103836
2018-05-11,0.0072627725566946615
2018-05-14,0.007048768304881451
2018-05-15,0.0068378370152573755
2018-05-16,0.006884080659364726
2018-05-17,0.006592067133293829
2018-05-18,0.0061671971797113605
2018-05-21,0.0061660712708679274
2018-05-22,0.006276681565105658
2018-05-23,0.006450286989831264
2018-05-24,0.007146232857943776
2018-05-25,0.007148321442365733
2018-05-28,0.007055556223200226
2018-05-29,0.006970671056688467
2018-05-30,0.006982296372964314
2018-05-31,0.006953340827115564
2018-06-01,0.006828712270294582
2018-06-04,0.007042509913051889
2018-06-05,0.007069008424498521
2018-06-06,0.008025666464587912
2018-06-07,0.008081491145771587
2018-06-08,0.008007695204121788
2018-06-11,0.0082124441844904
2018-06-12,0.008055162625747202
2018-06-13,0.007903780910332794
2018-06-14,0.007214458252076795
2018-06-15,0.007040520552333834
2018-06-18,0.007142537644989161
2018-06-19,0.00719103771564521
2018-06-20,0.007180602286655498
2018-06-21,0.00739664169165458
2018-06-22,0.007698758391717468
2018-06-25,0.007677916579689506
2018-06-26,0.007741079637623803
2018-06-27,0.007916336950171033
2018-06-28,0.008069642478430164
2018-06-29,0.008288392420159085
2018-07-02,0.008346578253575104
2018-07-03,0.008317997817161558
2018-07-04,0.008130317582576518
2018-07-05,0.00753056676190088
2018-07-06,0.0074905768220215755
2018-07-09,0.007590772814722257
2018-07-10,0.007731378535929153
2018-07-11,0.00774981485155823
2018-07-12,0.007846869078023424
2018-07-13,0.007827887078116661
2018-07-16,0.007871848796984222
2018-07-17,0.007672930728385776
2018-07-18,0.0068272761060193254
2018-07-19,0.006772356359989543
2018-07-20,0.007354492203061975
2018-07-23,0.00791467854973669
2018-07-24,0.007918918906326273
2018-07-25,0.008106288619134101
2018-07-26,0.008143049120897614
2018-07-27,0.008204496057308304
2018-07-30,0.008045032287018576
2018-07-31,0.008106050190556914
2018-08-01,0.008129914274272263
2018-08-02,0.0085067989008949
2018-08-03,0.008309626475725572
2018-08-06,0.008303791045874436
2018-08-07,0.00828908779506269
2018-08-08,0.007978765753073623
2018-08-09,0.008090918277023686
2018-08-10,0.007876141878516324
2018-08-13,0.007807404206418794
2018-08-14,0.007821746110531463
2018-08-16,0.007810739937732106
2018-08-17,0.0078015784433764735
2018-08-20,0.007822193588084319
2018-08-21,0.007771605542255237
2018-08-23,0.007741787256196676
2018-08-24,0.0077303520506173526
2018-08-27,0.007959600459828157
2018-08-28,0.0079644688208471
2018-08-29,0.007493021440804089
2018-08-30,0.007583242130344798
2018-08-31,0.007566805503705602
2018-09-03,0.00801956451486591
2018-09-04,0.007641752390499259
2018-09-05,0.006983347017482061
2018-09-06,0.006998400730191958
2018-09-07,0.007052721572204032
2018-09-10,0.007387205841455453
2018-09-11,0.007628592865873014
2018-09-12,0.007482664047771975
2018-09-14,0.0077399194077997086
2018-09-17,0.007946597659986142
2018-09-18,0.007794782331606996
2018-09-19,0.007870685616529307
2018-09-21,0.007890780291830478
2018-09-24,0.008458312882532364
2018-09-25,0.008752234909800554
2018-09-26,0.008586616614989658
2018-09-27,0.008868076588684555
2018-09-28,0.009511892119233936
2018-10-01,0.009372316273396242
2018-10-03,0.009596454107543657
2018-10-04,0.0097766432788653
2018-10-05,0.010476391040744484
2018-10-08,0.010390868838887232
2018-10-09,0.010100330987498664
2018-10-10,0.012172824435467114
2018-10-11,0.012504906285376238
2018-10-12,0.013305310567585497
2018-10-15,0.013320356535365514
2018-10-16,0.01349052238248904
2018-10-17,0.013781902635972492
2018-10-19,0.013832359721135948
2018-10-22,0.013840570392586992
2018-10-23,0.013956300811790535
2018-10-24,0.01722445925365794
2018-10-25,0.01701738497268915
2018-10-26,0.016971381219375775
2018-10-29,0.017596711512419542
2018-10-30,0.01760202898640188
2018-10-31,0.017645855692007703
2018-11-01,0.017639546616259785
2018-11-02,0.017839785783995834
2018-11-05,0.017826276593077884
2018-11-06,0.017777317480244123
2018-11-07,0.0174842158678023
2018-11-09,0.017316664847758383
2018-11-12,0.017397667262044444
2018-11-13,0.017301347527732405
2018-11-14,0.01689924868576004
2018-11-15,0.01696757374407129
2018-11-16,0.01737426693329279
2018-11-19,0.017060883159128844
2018-11-20,0.016293603889217016
2018-11-21,0.01624555878164412
2018-11-22,0.016278381247088317
2018-11-26,0.015555289873861898
2018-11-27,0.014303699305682534
2018-11-28,0.014145780853748572
2018-11-29,0.014175335050251732
2018-11-30,0.014162031148573114
2018-12-03,0.0133829469301033
2018-12-04,0.01294620937358136
2018-12-05,0.013174843732456306
2018-12-06,0.013723177849506244
2018-12-07,0.01068356268587133
2018-12-10,0.011318782705991253
2018-12-11,0.011247714086132895
2018-12-12,0.011456314739586344
2018-12-13,0.011454494042152485
2018-12-14,0.01121606087536751
2018-12-17,0.011230890999902186
2018-12-18,0.011110763107629975
2018-12-19,0.011218859374439253
2018-12-20,0.011272179836992502
2018-12-21,0.011930891334465427
2018-12-24,0.012011711245160322
2018-12-26,0.011924816073079835
2018-12-27,0.011893364983748949
2018-12-28,0.011926950194097178
2018-12-31,0.011865623502136343
2019-01-01,0.010901984303287107
2019-01-02,0.011102670765046478
2019-01-03,0.01102412349347449
2019-01-04,0.011034133330032957
2019-01-07,0.01094422467160916
2019-01-08,0.010610406367771944
2019-01-09,0.010586043310758074
2019-01-10,0.010451304689163136
2019-01-11,0.010418937348195014
2019-01-14,0.010477523997258063
2019-01-15,0.01072772698235133
2019-01-16,0.010800545514628546
2019-01-17,0.010613510762549638
2019-01-18,0.009878388865233512
2019-01-21,0.009865144221634562
2019-01-22,0.009126000939964605
2019-01-23,0.009098737328466756
2019-01-24,0.00782559273019834
2019-01-25,0.007864403812593554
2019-01-28,0.007766930150880448
2019-01-29,0.007910257716596843
2019-01-30,0.007841129563840851
2019-01-31,0.007715153656639357
2019-02-01,0.008488482241966152
2019-02-04,0.007727892462779985
2019-02-05,0.007663998841681585
2019-02-06,0.007809137171427239
2019-02-07,0.0078090156777814
2019-02-08,0.00783974080897631
2019-02-11,0.00790118099111459
2019-02-12,0.007881183908110538
2019-02-14,0.008252465365144578
2019-02-15,0.008194052014851537
2019-02-18,0.008325895651462913
2019-02-19,0.00826016631497773
2019-02-20,0.008625531753446667
2019-02-21,0.008643299660148202
2019-02-22,0.008705919822220246
2019-02-25,0.00873987144606588
2019-02-26,0.008688744427149106
2019-02-27,0.008405961542894413
2019-02-28,0.008355833258936652
2019-03-01,0.00837066439020948
2019-03-05,0.00807748440928085
2019-03-06,0.008127257009677463
2019-03-07,0.007876708463956942
2019-03-08,0.007866583293516836
2019-03-11,0.008898901221746738
2019-03-12,0.009196340208789353
2019-03-13,0.009071713160914159
2019-03-14,0.009056787214981545
2019-03-15,0.009013184605141658
2019-03-18,0.009091298489493811
2019-03-19,0.008534473968394529
2019-03-20,0.008541701698607471
2019-03-22,0.0085792404428011
2019-03-25,0.008426329657119203
2019-03-26,0.008682659761852245
2019-03-27,0.008629585657882362
2019-03-28,0.009252512296261638
2019-04-01,0.0095514804425092
2019-04-02,0.009071915131467217
2019-04-03,0.009186271859494133
2019-04-04,0.008909532305285649
2019-04-05,0.008871830169351044
2019-04-08,0.008843658285278576
2019-04-09,0.008879635359306753
2019-04-10,0.0094769674675822
2019-04-11,0.009462524011470231
2019-04-12,0.009466490967939384
2019-04-15,0.009533544604101614
2019-04-16,0.009522294515869676
2019-04-18,0.00954801866408706
2019-04-22,0.009600675315405104
2019-04-23,0.00972645724179274
2019-04-24,0.010078650936963186
2019-04-25,0.010061284478920065
2019-04-26,0.009236984084535679
2019-04-30,0.008799589742247637
2019-05-02,0.008766120437656936
2019-05-03,0.008756148430523265
2019-05-06,0.008822922679742278
2019-05-07,0.008901751725617378
2019-05-08,0.009023795775745537
2019-05-09,0.008991878133417525
2019-05-10,0.008959504469548974
2019-05-13,0.009015081617818228
2019-05-14,0.0089156329230563
2019-05-15,0.008872601142611335
2019-05-16,0.00811448276641171
2019-05-17,0.008217712132114323
2019-05-20,0.0105960432900126
2019-05-21,0.010825026669873682
2019-05-22,0.010861173779707325
2019-05-23,0.0108450225817991
2019-05-24,0.011632032361553801
2019-05-27,0.011617432993170937
2019-05-28,0.011245179277576883
2019-05-29,0.011361047043599025
2019-05-30,0.011434161737867972
2019-05-31,0.01138239028020867
2019-06-03,0.011562760016855227
2019-06-04,0.011619060893179328
2019-06-06,0.01181342672666199
2019-06-07,0.011702275548010814
2019-06-10,0.01147385623305304
2019-06-11,0.011455160212941372
2019-06-12,0.011590398575331883
2019-06-13,0.011586602822025359
2019-06-14,0.011789652474489999
2019-06-17,0.01226599534201482
2019-06-18,0.012146219079326481
2019-06-19,0.012011888678179173
2019-06-20,0.012246720124725904
2019-06-21,0.01243916540577774
2019-06-24,0.012408851556965212
2019-06-25,0.012184718244498698
2019-06-26,0.012138466831731648
2019-06-27,0.012118573621304685
2019-06-28,0.012119694879186804
2019-07-01,0.011770889111404715
2019-07-02,0.009441736662640081
2019-07-03,0.009065076516430138
2019-07-04,0.009047686884589316
2019-07-05,0.009250266246555196
2019-07-08,0.009790328475052583
2019-07-09,0.009831897277192914
2019-07-10,0.010098066574845207
2019-07-11,0.010067695105278492
2019-07-12,0.009881177657746888
2019-07-15,0.009794586643495438
2019-07-16,0.009356210513807296
2019-07-17,0.009327122897639976
2019-07-18,0.009490298634118384
2019-07-19,0.00970105311306381
2019-07-22,0.00948999626759212
2019-07-23,0.00945265877272572
2019-07-24,0.009440284571074159
2019-07-25,0.00939081596563482
2019-07-26,0.009693594992585153
2019-07-29,0.00931866347035705
2019-07-30,0.009418221249699977
2019-07-31,0.009417843191018231
2019-08-01,0.009005017379956454
2019-08-02,0.009582095245362821
2019-08-05,0.009563821075989248
2019-08-06,0.010424379667193999
2019-08-07,0.010482111526078855
2019-08-08,0.011152509946203364
2019-08-09,0.01126310806531962
2019-08-13,0.012877994683350847
2019-08-14,0.013158416700069304
2019-08-16,0.013193976014732127
2019-08-19,0.013154514879808487
2019-08-20,0.013085305497689487
2019-08-21,0.012023273566377932
2019-08-22,0.01215956653979781
2019-08-23,0.012013470306179741
2019-08-26,0.012592415420658806
2019-08-27,0.012533667297618178
2019-08-28,0.012555571036901384
2019-08-29,0.012556960324938657
2019-08-30,0.01255867526250127
2019-09-03,0.012782370488945701
2019-09-04,0.012500905071236149
2019-09-05,0.012498177866552529
2019-09-06,0.01259167335174699
2019-09-09,0.01268920694010747
2019-09-11,0.012600418933117048
2019-09-12,0.012630655990463376
2019-09-13,0.012602266480892048
2019-09-16,0.012593033705588556
2019-09-17,0.012957312128799416
2019-09-18,0.012557922385554724
2019-09-19,0.012273879785566159
2019-09-20,0.01705399705929769
2019-09-23,0.017665700929342543
2019-09-24,0.01764720872972895
2019-09-25,0.017658831613819113
2019-09-26,0.01774922777644364
2019-09-27,0.016368468652849476
2019-09-30,0.0163009088029329
2019-10-01,0.016698747418096526
2019-10-03,0.016742054239907125
2019-10-04,0.01696850423363886
2019-10-07,0.016856360140482328
2019-10-09,0.017030179860701315
2019-10-10,0.01700203941010082
2019-10-11,0.01667444325306902
2019-10-14,0.016673127678853695
2019-10-15,0.016632981735685514
2019-10-16,0.01657452282512828
2019-10-17,0.016637219319107364
2019-10-18,0.016087701411532068
2019-10-22,0.016419054099189825
2019-10-23,0.016441374503280436
2019-10-24,0.016437714735673712
2019-10-25,0.016363693058865907
2019-10-27,0.01639597205457942
2019-10-29,0.01618595435256972
2019-10-30,0.016187188299632106
2019-10-31,0.016155033121920803
2019-11-01,0.015856531810754367
2019-11-04,0.015852355559646182
2019-11-05,0.015651621470668193
2019-11-06,0.011186366058513149
2019-11-07,0.009495065028239043
2019-11-08,0.00962454188392844
2019-11-11,0.00909484859182665
2019-11-13,0.008898546147940428
2019-11-14,0.008898370599834837
2019-11-15,0.009015640802986887
2019-11-18,0.00831894295975004
2019-11-19,0.008374650157701013
2019-11-20,0.007833154336418032
2019-11-21,0.007913454495979255
2019-11-22,0.007597194470053116
2019-11-25,0.008682191737657559
2019-11-26,0.009249231890056662
2019-11-27,0.009216516451307229
2019-11-28,0.009227730067139535
2019-11-29,0.00926222181301125
2019-12-02,0.009086676401110189
2019-12-03,0.009011950724783141
2019-12-04,0.0085719645901179
2019-12-05,0.008629194056558378
2019-12-06,0.008672144268583773
2019-12-09,0.008632682911212598
2019-12-10,0.008632980535401876
2019-12-11,0.008518639640910111
2019-12-12,0.008454431421007484
2019-12-13,0.008326117481040196
2019-12-16,0.008231466419071817
2019-12-17,0.008861012958730069
2019-12-18,0.008779601312313546
2019-12-19,0.008547758186894832
2019-12-20,0.008604631242739781
2019-12-23,0.008342898584446588
2019-12-24,0.008391728700634213
2019-12-26,0.008462942919354408
2019-12-27,0.008691698295718817
2019-12-30,0.008354094993307783
2019-12-31,0.008452549643076204
2020-01-01,0.008249219963941058
2020-01-02,0.008302272510627217
2020-01-03,0.00825313402680662
2020-01-06,0.008740996942062462
2020-01-07,0.00744185332480031
2020-01-08,0.006906726099515333
2020-01-09,0.007170072097878595
2020-01-10,0.007139739454546829
2020-01-13,0.00720900221171312
2020-01-14,0.007223283440888796
2020-01-15,0.007224753595971045
2020-01-16,0.007225006041802068
2020-01-17,0.007291136210168264
2020-01-20,0.0070995853325196865
2020-01-21,0.0071651574833644085
2020-01-22,0.007137047876197597
2020-01-23,0.007288084994374935
2020-01-24,0.007374403423870719
2020-01-27,0.007603469800495002
2020-01-28,0.007947899868717015
2020-01-29,0.007511247818040599
2020-01-30,0.007550507657157057
2020-01-31,0.007495604815816724
2020-02-03,0.007446145550258234
2020-02-04,0.008233525157382179
2020-02-05,0.008281536402444573
2020-02-06,0.00826500204909964
2020-02-07,0.008121752990436968
2020-02-10,0.008131998148957062
2020-02-11,0.008005746186365773
2020-02-12,0.008021163171472522
2020-02-13,0.007996021369589311
2020-02-14,0.008005206658672517
2020-02-17,0.006920443700475886
2020-02-18,0.007262577851547844
2020-02-19,0.007226490723662255
2020-02-20,0.0070641636497673676
2020-02-24,0.008393166543887354
2020-02-25,0.008295154050831722
2020-02-26,0.008433206069546942
2020-02-27,0.00847727389665211
2020-02-28,0.01053523775477087
2020-03-02,0.010421512500056603
2020-03-03,0.01085388298458459
2020-03-04,0.010839239075012816
2020-03-05,0.011100628541298792
2020-03-06,0.01120987533922335
2020-03-09,0.01346171607674079
2020-03-11,0.01342529450124919
2020-03-12,0.01869575969172854
2020-03-13,0.01990319981126328
2020-03-16,0.023144292617823695
2020-03-17,0.023218753190636467
2020-03-18,0.024949885447082192
2020-03-19,0.02488953847153022
2020-03-20,0.02753374739599491
2020-03-23,0.03641535425112582
2020-03-24,0.037251033062781894
2020-03-25,0.03945842472330629
2020-03-26,0.04080111535345738
2020-03-27,0.04087089736844856
2020-03-30,0.041405391879859005
2020-03-31,0.0415952804292769
2020-04-01,0.041749262455983836
2020-04-03,0.04177857895518458
2020-04-07,0.044971525040035584
2020-04-08,0.04500176387460594
2020-04-09,0.046485042800335365
2020-04-13,0.04647308720365955
2020-04-15,0.04647932119813919
2020-04-16,0.04652904364350467
2020-04-17,0.04661340030062672
2020-04-20,0.04661499392110065
2020-04-21,0.04674377691242093
2020-04-22,0.0469186223950293
2020-04-23,0.04684143784505295
2020-04-24,0.04691345737804554
2020-04-27,0.04655512375139467
2020-04-28,0.046630201779297636
2020-04-29,0.04491821343110187
2020-04-30,0.04496281364607193
2020-05-04,0.04402974400422628
2020-05-05,0.044017542210692234
2020-05-06,0.0428011765421894
2020-05-07,0.04236545973243069
2020-05-08,0.04109871009025482
2020-05-11,0.03129088045230013
2020-05-12,0.030952709859665053
2020-05-13,0.02936863554813228
2020-05-14,0.02831687673782139
2020-05-15,0.027708488893836244
2020-05-18,0.027155420326363207
2020-05-19,0.027356846835205503
2020-05-20,0.02658616770866325
2020-05-21,0.026113520295623704
2020-05-22,0.02212895149971614
2020-05-26,0.022352306292265752
2020-05-27,0.0203799336661637
2020-05-28,0.02063731846401383
2020-05-29,0.020637629823408266
2020-06-01,0.021414916314277024
2020-06-02,0.021181648432212444
2020-06-03,0.021085847107051203
2020-06-04,0.019855809552431915
2020-06-05,0.01989367032053606
2020-06-08,0.019933145579238597
2020-06-09,0.019621543813741982
2020-06-10,0.01954458952450787
2020-06-11,0.02025324994799808
2020-06-12,0.020148741121204464
2020-06-15,0.01943003882587144
2020-06-16,0.017171473412669565
2020-06-17,0.016863939793535954
2020-06-18,0.016835858839567362
2020-06-19,0.016567205610547756
2020-06-22,0.01654604758586004
2020-06-23,0.016925064467557583
2020-06-24,0.01752029426394429
2020-06-25,0.017273144052612908
2020-06-26,0.016838227878384363
2020-06-29,0.017012862569223013
2020-06-30,0.01493814543251921
2020-07-01,0.01442814562105552
2020-07-02,0.014337743036980573
2020-07-03,0.014391437688823809
2020-07-06,0.014406652241079652
2020-07-07,0.013978325598394644
2020-07-08,0.014553056246490427
2020-07-09,0.014423934490247953
2020-07-10,0.014532112612188319
2020-07-13,0.01350438807456841
2020-07-14,0.013633483109490911
2020-07-15,0.013688090317954855
2020-07-16,0.013706219867261981
2020-07-17,0.013511953503403831
2020-07-20,0.013664892553930632
2020-07-21,0.013260965391578247
2020-07-22,0.01341168309490409
2020-07-23,0.012289134967335344
2020-07-24,0.012310876021399669
2020-07-27,0.011615435974684837
2020-07-28,0.011799694975947003
2020-07-29,0.011838150701739766
2020-07-30,0.011980426533028976
2020-07-31,0.011545752115140747
2020-08-03,0.011457965491277353
2020-08-04,0.010626500696177717
2020-08-05,0.00994642802738466
2020-08-06,0.009958106075562715
2020-08-07,0.010027077248027544
2020-08-10,0.009770088905945143
2020-08-11,0.009818430357160504
2020-08-12,0.009812096949472614
2020-08-13,0.009656831731516501
2020-08-14,0.009995822379900982
2020-08-17,0.009716151741791447
2020-08-18,0.009479089472019397
2020-08-19,0.008440142727690683
2020-08-20,0.008403993130727396
2020-08-21,0.008307441543413932
2020-08-24,0.008415832863058947
2020-08-25,0.00795838496846508
2020-08-26,0.008030636927390781
2020-08-27,0.007947207931819938
2020-08-28,0.007908834483753267
2020-08-31,0.009424164650818218
2020-09-01,0.010569914240776959
2020-09-02,0.010398615568394078
2020-09-03,0.010373905437139397
2020-09-04,0.010607686621164101
2020-09-07,0.01065527998580565
2020-09-08,0.010453413862930229
2020-09-09,0.010486818467167317
2020-09-10,0.01035451020888998
2020-09-11,0.010342060472754752
2020-09-14,0.010199290562361834
2020-09-15,0.010223999294288038
2020-09-16,0.010108854893898534
2020-09-17,0.010062213972606033
2020-09-18,0.009958609719577068
2020-09-21,0.011654286820929718
2020-09-22,0.011661372837869308
2020-09-23,0.012166359553300926
2020-09-24,0.013573345245198518
2020-09-25,0.015192959768191782
2020-09-28,0.015678804221736443
2020-09-29,0.015593560654723365
2020-09-30,0.01555608939631072
2020-10-01,0.015971697543695665
2020-10-05,0.015962031018752702
2020-10-06,0.01599862478308164
2020-10-07,0.015902483563723115
2020-10-08,0.01589691968290588
2020-10-09,0.01592253457423008
2020-10-12,0.015845490681851912
2020-10-13,0.014901652822783544
2020-10-14,0.014054872948337288
2020-10-15,0.014871686867734088
2020-10-16,0.0148647935570165
2020-10-19,0.014748319093636213
2020-10-20,0.014964275998154992
2020-10-21,0.014924777132547829
2020-10-22,0.014976122932081433
2020-10-23,0.014966810327592962
2020-10-26,0.015008758514142963
2020-10-27,0.015328865535466512
2020-10-28,0.015275310742095866
2020-10-29,0.015300331555913661
2020-10-30,0.015492972567023547
2020-11-02,0.015622754997861456
2020-11-03,0.014376765571607598
2020-11-04,0.014360125771299878
2020-11-05,0.014355784252364095
2020-11-06,0.01243229970367015
2020-11-09,0.01113928333826769
2020-11-10,0.010793924004413109
2020-11-11,0.010785021886191279
2020-11-12,0.01068878967080607
2020-11-13,0.01030396023342981
2020-11-14,0.01027559321981166
2020-11-17,0.0102562495701291
2020-11-18,0.01027912483635157
2020-11-19,0.010965119574236513
2020-11-20,0.011274829490287092
2020-11-23,0.011239415394640016
2020-11-24,0.011137167104094514
2020-11-25,0.011906251964940774
2020-11-26,0.010352940706967797
2020-11-27,0.010317612807162205
2020-12-01,0.010355711740010988
2020-12-02,0.01027381176922925
2020-12-03,0.010449560645098345
2020-12-04,0.010540736699335114
2020-12-07,0.01055270560294232
2020-12-08,0.010410303003947357
2020-12-09,0.010192483639735583
2020-12-10,0.010190328372573129
2020-12-11,0.01003947473236806
2020-12-14,0.00934997783627427
2020-12-15,0.009304365256450023
2020-12-16,0.009361482676389817
2020-12-17,0.009387368894184749
2020-12-18,0.008740629483968912
2020-12-21,0.011057778486144131
2020-12-22,0.01102109558366972
2020-12-23,0.010926757532803328
2020-12-24,0.01079370844340665
2020-12-28,0.010822685994360244
2020-12-29,0.010796077018197929
2020-12-30,0.010801874726111152
2020-12-31,0.010848023349970386
2021-01-01,0.010713401469308765
2021-01-04,0.00999575935415915
2021-01-05,0.009719111134449347
2021-01-06,0.009739442842114691
2021-01-07,0.009759341972137429
2021-01-08,0.008960489210607644
2021-01-11,0.008938580142861443
2021-01-12,0.008902099767659204
2021-01-13,0.008916631371813675
2021-01-14,0.008934265861018783
2021-01-15,0.008851501124333415
2021-01-18,0.009490029755291377
2021-01-19,0.009900846034182391
2021-01-20,0.009977508878011838
2021-01-21,0.010084334559871748
2021-01-22,0.010620778837441986
2021-01-25,0.010872633081020478
2021-01-27,0.011121575225457113
2021-01-28,0.011242490007228366
2021-01-29,0.011773480859965827
2021-02-01,0.014650316651090544
2021-02-02,0.015485913491223902
2021-02-03,0.014026614778993139
2021-02-04,0.0138251648907583
2021-02-05,0.013927935687307805
2021-02-08,0.014079563060123973
2021-02-09,0.014011231577406967
2021-02-10,0.014021461849956637
2021-02-11,0.014003860328439428
2021-02-12,0.014107512552890831
2021-02-15,0.014140309216210336
2021-02-16,0.014133176628307388
2021-02-17,0.014259117504314495
2021-02-18,0.014318479888185957
2021-02-19,0.014516899241598612
2021-02-22,0.01508351664488845
2021-02-23,0.015002505847722706
2021-02-24,0.015184524519941716
2021-02-25,0.015187594730219613
2021-02-26,0.016520726673306788
2021-03-01,0.016551193132411754
2021-03-02,0.016511944365801112
2021-03-03,0.01631522525409901
2021-03-04,0.0162437229764827
2021-03-05,0.016287514029124164
2021-03-08,0.016059894732801824
2021-03-09,0.01599335698241719
2021-03-10,0.0158675735670727
2021-03-12,0.015840150572072744
2021-03-15,0.015346977971013923
2021-03-16,0.012703740822439013
2021-03-17,0.011750387235343966
2021-03-18,0.011687836890437384
2021-03-19,0.01167655607063351
2021-03-22,0.011609245599580004
2021-03-23,0.011231836664688622
2021-03-24,0.011381181406472476
2021-03-25,0.011884502861805053
2021-03-26,0.012379375542502727
2021-03-30,0.012742801085403911
2021-03-31,0.012604202297743719
2021-04-01,0.012872943104531362
2021-04-05,0.01295966880633698
2021-04-06,0.013009784698789198
2021-04-07,0.01303477361885723
2021-04-08,0.01215167699591589
2021-04-09,0.012199463407156247
2021-04-12,0.014274668193263057
2021-04-13,0.014600969029039765
2021-04-15,0.013109197039487588
2021-04-16,0.01307043748565745
2021-04-19,0.013503479589312596
2021-04-20,0.013254098322054136
2021-04-22,0.013195448061307659
2021-04-23,0.013172666603222492
2021-04-26,0.013227845951985824
2021-04-27,0.013448347827202535
2021-04-28,0.013862820599159298
2021-04-29,0.01381709109590302
2021-04-30,0.014006914454125193
2021-05-03,0.014167682931018897
2021-05-04,0.013917882729038699
2021-05-05,0.0138885352858914
2021-05-06,0.013869788195760544
2021-05-07,0.0138904571617365
2021-05-10,0.01396496404901206
2021-05-11,0.013818704855768043
2021-05-12,0.01322873028730035
2021-05-14,0.01296028106772247
2021-05-17,0.012676426474139246
2021-05-18,0.012787763996029296
2021-05-19,0.012706016147347753
2021-05-20,0.012553236598681254
2021-05-21,0.012718590722679527
2021-05-24,0.01257418277338365
2021-05-25,0.012649584752373549
2021-05-26,0.012728464980462664
2021-05-27,0.009599389663924412
2021-05-28,0.0093545456053044
2021-05-31,0.009437605270584508
2021-06-01,0.009439204081365104
2021-06-02,0.00788186425917995
2021-06-03,0.008025945578541069
2021-06-04,0.008019948473234995
2021-06-07,0.007820126077985544
2021-06-08,0.007834802948066051
2021-06-09,0.007882957302618072
2021-06-10,0.007558380471156496
2021-06-11,0.007566485961768818
2021-06-14,0.006842423926656234
2021-06-15,0.006516901221796139
2021-06-16,0.006761410724497659
2021-06-17,0.006855641147626228
2021-06-18,0.0068646851351414975
2021-06-21,0.006855480486026251
2021-06-22,0.006744700410122105
2021-06-23,0.006597410091439493
2021-06-24,0.006610251240971041
2021-06-25,0.006587504032510103
2021-06-28,0.0068570760614505314
2021-06-29,0.006693101024974175
2021-06-30,0.006502037033038598
2021-07-01,0.006337926077310292
2021-07-02,0.006016505497299369
2021-07-05,0.006037547588120974
2021-07-06,0.0059117221418401675
2021-07-07,0.005633937589752843
2021-07-08,0.0058115095156419366
2021-07-09,0.005756493273642297
2021-07-12,0.005593867132931717
2021-07-13,0.005577492595249869
2021-07-14,0.0055839196913125885
2021-07-15,0.005408840779973705
2021-07-16,0.005396124267092955
2021-07-19,0.005652933305756094
2021-07-20,0.005614921323482792
2021-07-22,0.0064844805449452095
2021-07-23,0.005937639188634938
2021-07-26,0.006015925159894891
2021-07-27,0.006010320317702208
2021-07-28,0.006180201466226711
2021-07-29,0.005979087393108521
2021-07-30,0.006135472364044794
2021-08-02,0.0062495159224717125
2021-08-03,0.007039916949534422
2021-08-04,0.007095332379892393
2021-08-05,0.00707631096748636
2021-08-06,0.0069514053257536046
2021-08-09,0.006929295690688088
2021-08-10,0.0067601849994629775
2021-08-11,0.006688707815552698
2021-08-12,0.00677980990361962
2021-08-13,0.007059366886858727
2021-08-16,0.007062925289953366
2021-08-17,0.007055908424495604
2021-08-18,0.007066915220526993
2021-08-20,0.007137828152500823
2021-08-23,0.006987555434108273
2021-08-24,0.006996012565881558
2021-08-25,0.0071434797374936385
2021-08-26,0.007450909716737173
2021-08-27,0.007522171404163772
2021-08-30,0.008262820791653242
2021-08-31,0.009802701536311836
2021-09-01,0.009533473468627335
2021-09-02,0.009371388834938566
2021-09-03,0.008908152476216095
2021-09-06,0.008902513311359246
2021-09-07,0.008766098893746367
2021-09-08,0.008837836846425976
2021-09-09,0.00881194418625725
2021-09-13,0.008813823560509106
2021-09-14,0.00852242753641189
2021-09-15,0.008838010268531277
2021-09-16,0.008507913545962986
2021-09-17,0.008436512125819114
2021-09-20,0.008591726584397597
2021-09-21,0.00866013285575003
2021-09-22,0.008555385122233984
2021-09-23,0.008616861910873047
2021-09-24,0.008581833721304813
2021-09-27,0.008659164584072175
2021-09-28,0.009385561735492917
2021-09-29,0.009424470757980303
2021-09-30,0.009531188678726678
2021-10-01,0.00999546475207914
2021-10-04,0.010018826005278671
2021-10-05,0.010129972314294716
2021-10-06,0.010451605858059201
2021-10-07,0.010640320813023718
2021-10-08,0.010368207168840723
2021-10-11,0.010406044664285163
2021-10-12,0.009855111898276552
2021-10-13,0.00818772558379443
2021-10-14,0.008201822869086623
2021-10-18,0.008217986311756822
2021-10-19,0.00823815235429748
2021-10-20,0.008241391486156963
2021-10-21,0.008640488160856797
2021-10-22,0.008737826945890932
2021-10-25,0.0088153993391558
2021-10-26,0.008938522020505402
2021-10-27,0.008884802503207627
2021-10-28,0.00841412841603292
2021-10-29,0.008499142969746127
2021-11-01,0.009352229216397398
2021-11-02,0.009327710017897128
2021-11-03,0.009122338129940285
2021-11-04,0.009137729902581037
2021-11-08,0.009006454132429611
2021-11-09,0.00887454794644844
2021-11-10,0.008875943100560299
2021-11-11,0.008444413863674062
2021-11-12,0.008767966109650428
2021-11-15,0.00872845839127378
2021-11-16,0.008290050386326376
2021-11-17,0.008131341411539431
2021-11-18,0.00828113169510103
2021-11-22,0.008242227979110209
2021-11-23,0.007661449631197852
2021-11-24,0.0076571282608581
2021-11-25,0.007648475183937084
2021-11-26,0.009429856165679987
2021-11-29,0.009438110052697726
2021-11-30,0.009437822097009068
2021-12-01,0.00958132186734573
2021-12-02,0.009905745139421733
2021-12-03,0.010080317043258813
2021-12-06,0.010598880709139747
2021-12-07,0.010797984916351188
2021-12-08,0.01158924261062002
2021-12-09,0.01149273707975771
2021-12-10,0.0114991649097914
2021-12-13,0.011504980459553109
2021-12-14,0.011472004393473841
2021-12-15,0.010897646740008449
2021-12-16,0.010875766333181887
2021-12-17,0.01113967828362169
2021-12-20,0.01147347975124549
2021-12-21,0.011644006484112113
2021-12-22,0.012223015444393097
2021-12-23,0.012228023187351628
2021-12-24,0.012117088260951725
2021-12-27,0.011820935619688755
2021-12-28,0.011990951157320705
2021-12-29,0.01196488679746103
2021-12-30,0.011968058198146333
2021-12-31,0.01183335718208564
2022-01-03,0.012039708205971758
2022-01-04,0.012190578623445407
2022-01-05,0.012292674116836376
2022-01-06,0.012279598684160667
2022-01-07,0.010714346623054458
2022-01-10,0.010796867474050745
2022-01-11,0.010778683251830944
2022-01-12,0.010838469283122418
2022-01-13,0.010684215353183535
2022-01-14,0.010399303497681058
2022-01-17,0.009280203248740328
2022-01-18,0.00996343228224703
2022-01-19,0.009447982217419552
2022-01-20,0.009425163771034452
2022-01-21,0.009794776778376245
2022-01-24,0.01106548612010806
2022-01-25,0.011417458867290547
2022-01-27,0.011517137401935553
2022-01-28,0.011516344801975465
2022-01-31,0.011417564267360954
2022-02-01,0.010998032841280633
2022-02-02,0.010986710277627269
2022-02-03,0.010719569718770083
2022-02-04,0.010714360272511532
2022-02-07,0.011321763658022593
2022-02-08,0.011350060567827594
2022-02-09,0.011448823127450462
2022-02-10,0.011449673395752213
2022-02-11,0.011840466105909098
2022-02-14,0.012896570350504
2022-02-15,0.014198762509079803
2022-02-16,0.014014057396016903
2022-02-17,0.013851570324656944
2022-02-18,0.013849293357250006
2022-02-21,0.013867811407570575
2022-02-22,0.013817922641331295
2022-02-23,0.01378743235754223
2022-02-24,0.016001917265275025
2022-02-25,0.016960957385184407
2022-02-28,0.017048518475469954
2022-03-02,0.017423358194786423
2022-03-03,0.01728181788937313
2022-03-04,0.017736857356845333
2022-03-07,0.017988739031657285
2022-03-08,0.018119379129078603
2022-03-09,0.01821877091150848
2022-03-10,0.01815048782837866
2022-03-11,0.018060412149746834
2022-03-14,0.018234813220710636
2022-03-15,0.017995001618620797
2022-03-16,0.018102190427322837
2022-03-17,0.018310351182792336
2022-03-21,0.01850327660168042
2022-03-22,0.01863832290546619
2022-03-23,0.01837851866424897
2022-03-24,0.018343963348298752
2022-03-25,0.018173355467425146
2022-03-28,0.018212445735347752
2022-03-29,0.0180887204467347
2022-03-30,0.017353226210179575
2022-03-31,0.016042898686426058
2022-04-01,0.016173843708017083
2022-04-04,0.016283132667663167
2022-04-05,0.016281071111252925
2022-04-06,0.01625233929929778
2022-04-07,0.016237386761064416
2022-04-08,0.016240753058597564
2022-04-11,0.013512945334767887
2022-04-12,0.012778020373974217
2022-04-13,0.012745045162539617
2022-04-18,0.012230854558953353
2022-04-19,0.012221105034757658
2022-04-20,0.011166289960601703
2022-04-21,0.01050377504293501
2022-04-22,0.010436338067809036
2022-04-25,0.009732602019731092
2022-04-26,0.009807162610603916
2022-04-27,0.010341855567129877
2022-04-28,0.010270046519169348
2022-04-29,0.010538998946402447
2022-05-02,0.010226260277088992
2022-05-04,0.010885672505837258
2022-05-05,0.010505855628403005
2022-05-06,0.010785199974338794
2022-05-09,0.010795676309324629
2022-05-10,0.010818437023444356
2022-05-11,0.010903757680220573
2022-05-12,0.011267986783618513
2022-05-13,0.011141141588302123
2022-05-16,0.010993721768322647
2022-05-17,0.012551271671510851
2022-05-18,0.012297335137356334
2022-05-19,0.012882029107971904
2022-05-20,0.01370027498496623
2022-05-23,0.013884031585782195
2022-05-24,0.01391032954728555
2022-05-25,0.013979697934640727
2022-05-26,0.01404233608592118
2022-05-27,0.014245644292877236
2022-05-30,0.015048570868167577
2022-05-31,0.014917188215771296
2022-06-01,0.014838088846311277
2022-06-02,0.014805434089068264
2022-06-03,0.014575633770701462
2022-06-06,0.014587757985239619
2022-06-07,0.01467596179030534
2022-06-08,0.014249949612811317
2022-06-09,0.014077900450174064
2022-06-10,0.013941674794162792
2022-06-13,0.014437840300071877
2022-06-14,0.014477587733389264
2022-06-15,0.013729691612932944
2022-06-16,0.01427457094140689
2022-06-17,0.013998379184862983
2022-06-20,0.013988962696936702
2022-06-21,0.014641747187528326
2022-06-22,0.014708135688711925
2022-06-23,0.014900589820683012
2022-06-24,0.0149078599397787
2022-06-27,0.015195361554807914
2022-06-28,0.014150214303723482
2022-06-29,0.01412995737784312
2022-06-30,0.01310583935023714
2022-07-01,0.012562777580247953
2022-07-04,0.012490543087606321
2022-07-05,0.012325261340593032
2022-07-06,0.012568992474324482
2022-07-07,0.012583114442107425
2022-07-08,0.012502254515727717
2022-07-11,0.01218098990081341
2022-07-12,0.012216001497869087
2022-07-13,0.012211036157499395
2022-07-14,0.012127331132774472
2022-07-15,0.012288897324099334
2022-07-18,0.012707320508026336
2022-07-19,0.012441371673568237
2022-07-20,0.012487682866495264
2022-07-21,0.012752289426477574
2022-07-22,0.01253278397451991
2022-07-25,0.011425298206034157
2022-07-26,0.011517238355538516
2022-07-27,0.011677559807677883
2022-07-28,0.011127674064788358
2022-07-29,0.01076150749348341
2022-08-01,0.010803491382079257
2022-08-02,0.01038633434163721
2022-08-03,0.009828866434927539
2022-08-04,0.009387059647861731
2022-08-05,0.009362684378536386
2022-08-08,0.009079589556046968
2022-08-10,0.009050068200261285
2022-08-11,0.008909602962805208
2022-08-12,0.00885352137938496
2022-08-16,0.00883302189815234
2022-08-17,0.009015267573985932
2022-08-18,0.008902272882344736
2022-08-19,0.008695582655623675
2022-08-22,0.009622298666005936
2022-08-23,0.009599378333556889
2022-08-24,0.008750559861424964
2022-08-25,0.008714535403491918
2022-08-26,0.008494392595526385
2022-08-29,0.008868429329815014
2022-08-30,0.009578693629387588
2022-09-01,0.009312010052887168
2022-09-02,0.009325616476787217
2022-09-05,0.009301389213920014
2022-09-06,0.009009846281876097
2022-09-07,0.009068469460419327
2022-09-08,0.009186693659316215
2022-09-09,0.009066320973074625
2022-09-12,0.008879371304143919
2022-09-13,0.008085912293037381
2022-09-14,0.0080326279304473
2022-09-15,0.007884408931348593
2022-09-16,0.008502271492115068
2022-09-19,0.008567232886185404
2022-09-20,0.008858262343679462
2022-09-21,0.009081266134935187
2022-09-22,0.009081378253460063
2022-09-23,0.009537969164752623
2022-09-26,0.009806908174935347
2022-09-27,0.009795892776615226
2022-09-28,0.009773253402271323
2022-09-29,0.009596933233036503
2022-09-30,0.010403915643251205
2022-10-03,0.010545448728408248
2022-10-04,0.01069636688864823
2022-10-06,0.010671442160544284
2022-10-07,0.0106724781170617
2022-10-10,0.010631152583192178
2022-10-11,0.0109811908480053
2022-10-12,0.010742935127565155
2022-10-13,0.009819046602621515
2022-10-14,0.009873996312979543
2022-10-17,0.009884710470459393
2022-10-18,0.010159251315310196
2022-10-19,0.010193545629675975
2022-10-20,0.010196699388047605
2022-10-21,0.010063466205882745
2022-10-24,0.010170695027325476
2022-10-25,0.010115348250355906
2022-10-27,0.0099904772310075
2022-10-28,0.010008979600262709
2022-10-31,0.0103494548062112
2022-11-01,0.00990473773309203
2022-11-02,0.010261393165931613
2022-11-03,0.00999245134457614
2022-11-04,0.009820681707759562
2022-11-07,0.009787656935886895
2022-11-09,0.009353291884171964
2022-11-10,0.009138277944065791
2022-11-11,0.009314110412809712
2022-11-14,0.009336171640641096
2022-11-15,0.009040595545074148
2022-11-16,0.00827940494493922
2022-11-17,0.007921962219052898
2022-11-18,0.007068138240860054
2022-11-21,0.007091051842227604
2022-11-22,0.007101500874115851
2022-11-23,0.0070799144037654565
2022-11-24,0.006593883041731685
2022-11-25,0.006603163025039425
2022-11-28,0.006477522758919646
2022-11-29,0.006449692757235221
2022-11-30,0.006491751580955007
2022-12-01,0.006109794142372002
2022-12-02,0.006225942845104438
2022-12-05,0.006218685403697227
2022-12-06,0.006186753545854585
2022-12-07,0.006048397494106188
2022-12-08,0.006045900189695704
2022-12-09,0.006403799426951977
2022-12-12,0.006353219281182595
2022-12-13,0.0059274051841670325
2022-12-14,0.005775839836976056
2022-12-15,0.005393877909078457
2022-12-16,0.005672271999650301
2022-12-19,0.00590256178768415
2022-12-20,0.005961475059386385
2022-12-21,0.0061489148933073145
2022-12-22,0.005960617700924443
2022-12-23,0.006065789501850662
2022-12-26,0.006299843370452659
2022-12-27,0.0064349623888242434
2022-12-28,0.006434813161518034
2022-12-29,0.006564942246587671
2022-12-30,0.006590352998248461
2023-01-02,0.006584398271836542
2023-01-03,0.006593040116404661
2023-01-04,0.006616158226424285
2023-01-05,0.006645333648137608
2023-01-06,0.00693231672548087
2023-01-09,0.007604247660211379
2023-01-10,0.007968225442578738
2023-01-11,0.007888961359679232
2023-01-12,0.007775313787720163
2023-01-13,0.007877019444680099
2023-01-16,0.007885764250910072
2023-01-17,0.008167124839489281
2023-01-18,0.00833681228886659
2023-01-19,0.008343496565953118
2023-01-20,0.00837231327646172
2023-01-23,0.008416391869760273
2023-01-24,0.008291920656564896
2023-01-25,0.008360833384337575
2023-01-27,0.008391385248218537
2023-01-30,0.008410089448135675
2023-01-31,0.008201549956626086
2023-02-01,0.008165687527360035
2023-02-02,0.008027955323350943
2023-02-03,0.008912359386329274
2023-02-06,0.008482786348673521
2023-02-07,0.008368067841953984
2023-02-08,0.0082459081306117
2023-02-09,0.008269356812164964
2023-02-10,0.00819112004841795
2023-02-13,0.008145813379562312
2023-02-14,0.00820022441552159
2023-02-15,0.00823118434749136
2023-02-16,0.00818386667040404
2023-02-17,0.007894384174695457
2023-02-20,0.007540155227584142
2023-02-21,0.007054899305291382
2023-02-22,0.006977307568371369
2023-02-23,0.006987032095210739
2023-02-24,0.006989694780718302
2023-02-27,0.0069579592600915695
2023-02-28,0.007000692941386334
2023-03-01,0.007057103578905165
2023-03-02,0.007040748722251537
2023-03-03,0.007551008933889119
2023-03-06,0.007282450099505131
2023-03-08,0.007250885257815298
2023-03-09,0.007232066410114251
2023-03-10,0.007130780455522886
2023-03-13,0.007305949865361859
2023-03-14,0.007182998292828534
2023-03-15,0.007147062403589697
2023-03-16,0.007146505181385992
2023-03-17,0.0072631912175181515
2023-03-20,0.006404245216466346
2023-03-21,0.006557683576604139
2023-03-22,0.006637498232673406
2023-03-23,0.006558294604594119
2023-03-24,0.006770228064784891
2023-03-27,0.006769925028265881
2023-03-28,0.006905933584997968
2023-03-29,0.006977438851470547
2023-03-31,0.007042375120894968
2023-04-03,0.007431125936108326
2023-04-05,0.007747111015779038
2023-04-06,0.0077959692765430695
2023-04-10,0.007803603201399376
2023-04-11,0.007422002544964627
2023-04-12,0.0073025038574444125
2023-04-13,0.00732344725721416
2023-04-17,0.0073224807105918424
2023-04-18,0.0072762232438062305
2023-04-19,0.007019686292496102
2023-04-20,0.006881660946310333
2023-04-21,0.006334590798773821
2023-04-24,0.006295850821352825
2023-04-25,0.0065324615799020784
2023-04-26,0.006533880133435489
2023-04-27,0.006686251242048062
2023-04-28,0.006474865761832573
2023-05-02,0.006356233396713527
2023-05-03,0.006559448351911114
2023-05-04,0.006839485185616104
2023-05-05,0.006780277707818119
2023-05-08,0.0065583575735470336
2023-05-09,0.00655250557073724
2023-05-10,0.006541735819289371
2023-05-11,0.006572629521640717
2023-05-12,0.006008709864462289
2023-05-15,0.005950614078332989
2023-05-16,0.005631629166773012
2023-05-17,0.005804061952301614
2023-05-18,0.005759703084157886
2023-05-19,0.005526743487741549
2023-05-22,0.005342959063715683
2023-05-23,0.005367951874654337
2023-05-24,0.005374200648522425
2023-05-25,0.005494917007394221
2023-05-26,0.005556456241834729
2023-05-29,0.005453340848938918
2023-05-30,0.005259745101384042
2023-05-31,0.005374125185811496
2023-06-01,0.005293186928303824
2023-06-02,0.005297027842811632
2023-06-05,0.005263486024899477
2023-06-06,0.005280236679482933
2023-06-07,0.005203641664963558
2023-06-08,0.0053809351081579365
2023-06-09,0.005298079322215894
2023-06-12,0.004979163314941503
2023-06-13,0.0049801259158270455
2023-06-14,0.004725802419014558
2023-06-15,0.004306816317138225
2023-06-16,0.004343300705299321
2023-06-19,0.003841358406225618
2023-06-20,0.003815296275818403
2023-06-21,0.0038112641108883818
2023-06-22,0.003959092064119767
2023-06-23,0.00397211203103678
2023-06-26,0.003971300169832511
2023-06-27,0.003932084017122817
2023-06-28,0.0038440833913252455
2023-06-30,0.004402647085910239
2023-07-03,0.004410202918672414
2023-07-04,0.004594864126494031
2023-07-05,0.004556428818396236
2023-07-06,0.004603405427297369
2023-07-07,0.004922283258946279
2023-07-10,0.005076511006746101
2023-07-11,0.005088980595231451
2023-07-12,0.005159725946257043
2023-07-13,0.005003892092697114
2023-07-14,0.005206643537607937
2023-07-17,0.0051827010049851786
2023-07-18,0.005198379240013607
2023-07-19,0.005196857998307722
2023-07-20,0.0051693232073720995
2023-07-21,0.0050504240922348035
2023-07-24,0.004980193879153791
2023-07-25,0.005197097128146668
2023-07-26,0.005185438530440565
2023-07-27,0.00515734806043726
2023-07-28,0.005184497784261908
2023-07-31,0.005150544037836819
2023-08-01,0.005164102667568325
2023-08-02,0.005435332633342312
2023-08-03,0.005772069068667062
2023-08-04,0.005777303249637617
2023-08-07,0.005772495659181059
2023-08-08,0.0057841107014684244
2023-08-09,0.005733741164552222
2023-08-10,0.005753049053657683
2023-08-11,0.005151396090041401
2023-08-14,0.005155468540703962
2023-08-16,0.0047668532144833665
2023-08-17,0.00464528311145604
2023-08-18,0.004686830988673469
2023-08-21,0.004934301002330037
2023-08-22,0.00482142573712684
2023-08-23,0.004801237316475217
2023-08-24,0.004774004522524251
2023-08-25,0.004786400314601639
2023-08-28,0.004398524418512589
2023-08-29,0.004403112991692408
2023-08-30,0.004426702673550759
2023-08-31,0.004424221384129773
2023-09-01,0.004811650994622331
2023-09-04,0.004869901383050436
2023-09-05,0.004874769664118326
2023-09-06,0.004748123027403979
2023-09-07,0.004980753078524082
2023-09-08,0.005113857360929996
2023-09-11,0.005190070465174804
2023-09-12,0.005220333039788252
2023-09-13,0.005261135687705307
2023-09-14,0.0049615194427146065
2023-09-15,0.004524326827126074
2023-09-18,0.004421284353047432
2023-09-20,0.004710401951066323
2023-09-21,0.004745234268837453
2023-09-22,0.004713429372414876
2023-09-25,0.004484014510077639
2023-09-26,0.004472306167607325
2023-09-27,0.004422407577583518
2023-09-28,0.004775380836677917
2023-09-29,0.00464063023859732
2023-10-03,0.004471349399717829
2023-10-04,0.004561664261576417
2023-10-05,0.004691091010577587
2023-10-06,0.004820907039212333
2023-10-09,0.005017630083979295
2023-10-10,0.005105797413674294
2023-10-11,0.0051127097641944265
2023-10-12,0.00531786753146125
2023-10-13,0.005352189890187116
2023-10-16,0.005334828979933126
2023-10-17,0.005039959705414867
2023-10-18,0.0053387955103935915
2023-10-19,0.0054172937513178
2023-10-20,0.0054646385921948044
2023-10-23,0.005747265996958424
2023-10-25,0.005895675939140114
2023-10-26,0.006798048060503944
2023-10-27,0.007104759562807541
2023-10-30,0.007048356364032026
2023-10-31,0.007046420170520501
2023-11-01,0.007081829034458144
2023-11-02,0.007241890545393511
2023-11-03,0.007167834438635445
2023-11-06,0.0074551212145291664
2023-11-07,0.007445094193647175
2023-11-08,0.0073619253736419915
2023-11-09,0.007369112372192341
2023-11-10,0.007325151124331534
2023-11-13,0.007206059074498595
2023-11-15,0.007304601966279661
2023-11-16,0.007453875286355923
2023-11-17,0.007319438921965542
2023-11-20,0.007165707033424509
2023-11-21,0.006996713383713503
2023-11-22,0.006925470638710951
2023-11-23,0.006712948906277875
2023-11-24,0.006731651293731904
2023-11-28,0.006802531853694598
2023-11-29,0.006857247325436245
2023-11-30,0.006888212625938414
2023-12-01,0.007080181898094418
2023-12-04,0.0074508351372461696
2023-12-05,0.0074046620899780044
2023-12-06,0.007411953172706227
2023-12-07,0.007152291207466039
2023-12-08,0.006829864930216424
2023-12-11,0.00545525402265879
2023-12-12,0.005347093025374164
2023-12-13,0.005343963212370901
2023-12-14,0.005658570803120997
2023-12-15,0.005653135584567765
2023-12-18,0.00560639290342272
2023-12-19,0.005678388637351912
2023-12-20,0.006751276683982478
2023-12-21,0.00675336775662982
2023-12-22,0.006903198842455865
2023-12-26,0.006852862423788955
2023-12-27,0.007029853810687465
2023-12-28,0.007005613840871829
2023-12-29,0.006997403122110617
2024-01-01,0.00697973062972674
2024-01-02,0.0069926372995609614
2024-01-03,0.007081981964528537
2024-01-04,0.007160120278639329
2024-01-05,0.007164861111711633
2024-01-08,0.007197462874556324
2024-01-09,0.007124647921859505
2024-01-10,0.0070818240967672995
2024-01-11,0.0070721565429997186
2024-01-12,0.007342736043984518
2024-01-15,0.007266879818656171
2024-01-16,0.00684599075196771
2024-01-17,0.007010354247553041
2024-01-18,0.007069751960832974
2024-01-19,0.007352742806331901
2024-01-23,0.00796009954359576
2024-01-24,0.008119703070045463
2024-01-25,0.008302318181372335
2024-01-29,0.008537137561384701
2024-01-30,0.00880364298562609
2024-01-31,0.008424277904178651
2024-02-01,0.008482497967588681
2024-02-02,0.008511656339835406
2024-02-05,0.008555845748004044
2024-02-06,0.00927296039120693
2024-02-07,0.009138119368292666
2024-02-08,0.009200755227653762
2024-02-09,0.008979161046875113
2024-02-12,0.0089869800542822
2024-02-13,0.009012329402198605
2024-02-14,0.009008912671584789
2024-02-15,0.009002351622634394
2024-02-16,0.009014895618378165
2024-02-19,0.008971543855778107
2024-02-20,0.008952103083117084
2024-02-21,0.00904246519302099
2024-02-22,0.009131612392687363
2024-02-23,0.009181134856196541
2024-02-26,0.00932133370529558
2024-02-27,0.009058018484566463
2024-02-28,0.00915488511648119
2024-02-29,0.00916420823301609
2024-03-01,0.009448839752232239
2024-03-04,0.009383432634278705
2024-03-05,0.009026275360286719
2024-03-06,0.008680110909752833
2024-03-07,0.008568300603999005
2024-03-11,0.00837722777271181
2024-03-12,0.008100861018783769
2024-03-13,0.007996602430272474
2024-03-14,0.008226985314361841
2024-03-15,0.008134490450444577
2024-03-18,0.00811132432728135
2024-03-19,0.00736662017203445
2024-03-20,0.006500864969866334
2024-03-21,0.006484010012435798
2024-03-22,0.006485374610201682
2024-03-26,0.00649784439602645
2024-03-27,0.006528961575266075
2024-03-28,0.006752587973566532
2024-04-01,0.006747751639568829
2024-04-02,0.006902364900199013
2024-04-03,0.006861985384080577
2024-04-04,0.006807958523794138
2024-04-05,0.007080130353802932
2024-04-08,0.00701449291760977
2024-04-09,0.006898322568287709
2024-04-10,0.006862160511932976
2024-04-12,0.0069871812902212935
2024-04-15,0.007211553314884342
2024-04-16,0.007233344734899784
2024-04-18,0.007234649055193322
2024-04-19,0.006947475714841594
2024-04-22,0.007393911359313053
2024-04-23,0.007586410339170786
2024-04-24,0.007497602152402514
2024-04-25,0.007458719861597153
2024-04-26,0.00852498403393123
2024-04-29,0.008525925391190802
2024-04-30,0.008142991806592375
2024-05-02,0.007906698975235915
2024-05-03,0.00826485857798092
2024-05-06,0.008294433352489968
2024-05-07,0.008166849414923858
2024-05-08,0.008118361360271211
2024-05-09,0.008865720904778912
2024-05-10,0.008895229124094248
2024-05-13,0.008929481417585218
2024-05-14,0.008853599612089917
2024-05-15,0.008605510901370182
2024-05-16,0.00879662664428362
2024-05-17,0.00874013287290405
2024-05-21,0.008689745134569469
2024-05-22,0.008713649497873309
2024-05-23,0.009234204573353147
2024-05-24,0.009115177201908414
2024-05-27,0.00910417286493406
2024-05-28,0.009051645890115435
2024-05-29,0.008868416957117481
2024-05-30,0.008915756738476529
2024-05-31,0.008718496843352906
2024-06-03,0.009496732084706461
2024-06-04,0.013385347211338064
2024-06-05,0.014138358942774234
2024-06-06,0.014297654945234484
2024-06-07,0.01499296097103378
2024-06-10,0.014997081798934298
2024-06-11,0.014431892537712574
2024-06-12,0.014446069644218728
2024-06-13,0.014443422244177884
2024-06-14,0.014446560550961201
2024-06-18,0.014209727207570924
2024-06-19,0.014492766683654438
2024-06-20,0.014489269981011152
2024-06-21,0.014479180626986601
2024-06-24,0.013918181842244469
2024-06-25,0.013874327557126176
2024-06-26,0.013947361443555071
2024-06-27,0.013950777532107647
2024-06-28,0.01403200610736449
2024-07-01,0.013994394541202545
2024-07-02,0.014014435316273045
2024-07-03,0.01401401838310141
2024-07-04,0.014013478251202216
2024-07-05,0.013646304510202784
2024-07-08,0.013665038207632358
2024-07-09,0.013727759815279628
2024-07-10,0.013722793758374067
2024-07-11,0.013701028372579407
2024-07-12,0.013573933326656306
2024-07-15,0.013560698569540232
2024-07-16,0.013088705103106902
2024-07-18,0.008476038739043628
2024-07-19,0.007412854596727795
2024-07-22,0.006954074228050321
2024-07-23,0.00558717232878037
2024-07-24,0.005703470239302149
2024-07-25,0.00566584978517869
2024-07-26,0.007098353994940879
2024-07-29,0.007063661649855892
2024-07-30,0.00705746918387165
2024-07-31,0.007203407780930121
2024-08-01,0.006531684166406993
2024-08-02,0.00726692981118933
2024-08-05,0.008790822717839285
2024-08-06,0.008803815655400997
2024-08-07,0.00895259172692823
2024-08-08,0.00904908563636813
2024-08-09,0.009203207034497148
2024-08-12,0.009135962460097905
2024-08-13,0.009097044300370408
2024-08-14,0.009133573052931087
2024-08-16,0.00943163762089037
2024-08-19,0.00943114969683295
2024-08-20,0.009428856755683722
2024-08-21,0.009439287460408612
2024-08-22,0.00937839223054445
2024-08-23,0.009379019235600848
2024-08-26,0.009462026703709589
2024-08-27,0.009405567958704172
2024-08-28,0.00940550633556194
2024-08-29,0.009461158392539352
2024-08-30,0.009453704764855415
2024-09-02,0.009282708750514184
2024-09-03,0.0093179551933815
2024-09-04,0.009261499065295581
2024-09-05,0.009148900160290076
2024-09-06,0.009275113000716236
2024-09-09,0.008244821142668172
2024-09-10,0.0083399670894758
2024-09-11,0.008340095122735357
2024-09-12,0.008912971279602003
2024-09-13,0.008914004994995353
2024-09-16,0.00838818663757059
2024-09-17,0.006598801238043255
2024-09-18,0.006576770384541205
2024-09-19,0.006500748172665374
2024-09-20,0.006285392684237247
2024-09-23,0.006160036177212142
2024-09-24,0.006089851295920055
2024-09-25,0.005869402653051179
2024-09-26,0.005959784117150207
2024-09-27,0.005778010960396475
2024-09-30,0.006200335525690759
2024-10-01,0.006277294893824775
2024-10-03,0.008288406593182166
2024-10-04,0.008593905341575607
2024-10-07,0.00859051337188459
2024-10-08,0.008452572962598331
2024-10-09,0.008470528839176608
2024-10-10,0.008470553457082947
2024-10-11,0.008365583007421748
2024-10-14,0.008238242355349246
2024-10-15,0.008150497141981683
2024-10-16,0.008130494233566269
2024-10-17,0.008213541366543483
2024-10-18,0.008200895375761241
2024-10-21,0.008152508057999244
2024-10-22,0.008438906655729305
2024-10-23,0.008365923815837725
2024-10-24,0.008367932215299247
2024-10-25,0.007668280230152934
2024-10-28,0.007752988721775261
2024-10-29,0.0077323268143475185
2024-10-30,0.007662611227364203
2024-10-31,0.007723792923156417
2024-11-01,0.007753781414614669
2024-11-04,0.00727099412116814
2024-11-05,0.0072194824513389195
2024-11-06,0.007998044987919608
2024-11-07,0.00805126930217234
2024-11-08,0.007719426997579419
2024-11-11,0.00780646427077803
2024-11-12,0.007862335651637388
2024-11-13,0.007910867518916667
2024-11-14,0.006480814358870376
2024-11-18,0.006246413360214323
2024-11-19,0.006240374381499076
2024-11-21,0.006271603706466194
2024-11-22,0.008612178606002403
2024-11-25,0.008830002033293859
2024-11-26,0.008826191334668122
2024-11-27,0.008818618062690534
2024-11-28,0.009211474774020878
2024-11-29,0.009788338882500455
2024-12-02,0.009840996278881145
2024-12-03,0.00987612588427423
2024-12-04,0.0098617400507949
2024-12-05,0.00995198448932709
2024-12-06,0.009899322301560967
2024-12-09,0.009893793377942224
2024-12-10,0.00961419812055623
2024-12-11,0.009630104475409625
2024-12-12,0.009630152597000107
2024-12-13,0.010062057053906146
2024-12-16,0.010016620481315179
2024-12-17,0.010483514268656355
2024-12-18,0.010416116722496972
2024-12-19,0.010664655201386515
2024-12-20,0.010451215007535463
2024-12-23,0.010356392234449351
2024-12-24,0.010356289509933276
2024-12-26,0.010238133874117079
2024-12-27,0.010032036367146746
2024-12-30,0.009937335074970254
2024-12-31,0.009939093629191714
